borrower_name,amount,lender_name
Arjun Sharma,3200,Priya Mehta
Priya Mehta,7500,Rohit Verma
Rohit Verma,1200,Sneha Patel
Sneha Patel,4500,Arjun Sharma
Kavya Nair,8900,Priya Mehta
Rahul Gupta,2300,Arjun Sharma
Ananya Singh,6700,Rohit Verma
Vikram Joshi,1500,Sneha Patel
Meera Iyer,9200,Kavya Nair
Suresh Kumar,3800,Rahul Gupta
Pooja Reddy,5100,Ananya Singh
Aditya Bhat,7300,Vikram Joshi
Nisha Kapoor,2600,Meera Iyer
Kiran Rao,4800,Suresh Kumar
Deepak Tiwari,8100,Pooja Reddy
Ritu Saxena,1900,Aditya Bhat
Manish Yadav,6200,Nisha Kapoor
Sonia Malhotra,3400,Kiran Rao
Ajay Pandey,7800,Deepak Tiwari
Preeti Chauhan,2100,Ritu Saxena
Vivek Shukla,5600,Manish Yadav
Anjali Doshi,9000,Sonia Malhotra
Rajesh Pillai,1700,Ajay Pandey
Sunita Ghosh,4300,Preeti Chauhan
Amit Jain,6900,Vivek Shukla
Divya Menon,2800,Anjali Doshi
Sanjay Desai,8400,Rajesh Pillai
Usha Bhatt,3100,Sunita Ghosh
Nitin Kulkarni,5900,Amit Jain
Lakshmi Nambiar,7100,Divya Menon
Pradeep Hegde,1300,Sanjay Desai
Geeta Varma,4700,Usha Bhatt
Harish Choudhary,8600,Nitin Kulkarni
Vandana Srivastava,2400,Lakshmi Nambiar
Rajan Mishra,6400,Pradeep Hegde
Swati Tripathi,9500,Geeta Varma
Naresh Babu,3600,Harish Choudhary
Kamala Krishnan,5300,Vandana Srivastava
Dinesh Agarwal,7700,Rajan Mishra
Rekha Banerjee,1600,Swati Tripathi
Sunil Chandra,4100,Naresh Babu
Madhuri Patil,8800,Kamala Krishnan
Vijay Thakur,2700,Dinesh Agarwal
Asha Bose,6100,Rekha Banerjee
Santosh Nayak,9300,Sunil Chandra
Padma Rajan,3300,Madhuri Patil
Mohan Das,5700,Vijay Thakur
Leela Varghese,7900,Asha Bose
Ganesh Pillai,1800,Santosh Nayak
Shobha Naidu,4600,Padma Rajan
Ramesh Shetty,8200,Mohan Das
Sudha Murthy,2900,Leela Varghese
Prakash Kamath,6500,Ganesh Pillai
Bharati Sinha,9700,Shobha Naidu
Ashok Dubey,3700,Ramesh Shetty
Chitra Menon,5400,Sudha Murthy
Suresh Nair,7200,Prakash Kamath
Savita Kulkarni,1400,Bharati Sinha
Ravi Shankar,4900,Ashok Dubey
Uma Krishnaswamy,8700,Chitra Menon
Arjun Sharma,6300,Suresh Nair
Priya Mehta,2200,Savita Kulkarni
Rohit Verma,9100,Ravi Shankar
Kavya Nair,3500,Uma Krishnaswamy
Rahul Gupta,7600,Arjun Sharma
Ananya Singh,1100,Priya Mehta
Vikram Joshi,5800,Rohit Verma
Meera Iyer,8300,Kavya Nair
Suresh Kumar,2500,Rahul Gupta
Pooja Reddy,6800,Ananya Singh
Aditya Bhat,9600,Vikram Joshi
Nisha Kapoor,3900,Meera Iyer
Kiran Rao,5200,Suresh Kumar
Deepak Tiwari,7400,Pooja Reddy
Ritu Saxena,1000,Aditya Bhat
Manish Yadav,4400,Nisha Kapoor
Sonia Malhotra,8500,Kiran Rao
Ajay Pandey,2000,Deepak Tiwari
Preeti Chauhan,6600,Ritu Saxena
Vivek Shukla,9800,Manish Yadav
Anjali Doshi,3000,Sonia Malhotra
Rajesh Pillai,5500,Ajay Pandey
Sunita Ghosh,7000,Preeti Chauhan
Amit Jain,1200,Vivek Shukla
Divya Menon,4200,Anjali Doshi
Sanjay Desai,8900,Rajesh Pillai
Usha Bhatt,2300,Sunita Ghosh
Nitin Kulkarni,6700,Amit Jain
Lakshmi Nambiar,9400,Divya Menon
Pradeep Hegde,3100,Sanjay Desai
Geeta Varma,5600,Usha Bhatt
Harish Choudhary,7800,Nitin Kulkarni
Vandana Srivastava,1500,Lakshmi Nambiar
Rajan Mishra,4800,Pradeep Hegde
Swati Tripathi,8100,Geeta Varma
Naresh Babu,2600,Harish Choudhary
Kamala Krishnan,6200,Vandana Srivastava
Dinesh Agarwal,9900,Rajan Mishra
Rekha Banerjee,3400,Swati Tripathi
Sunil Chandra,5900,Naresh Babu
Madhuri Patil,7300,Kamala Krishnan
Vijay Thakur,1700,Dinesh Agarwal
Asha Bose,4500,Rekha Banerjee
Santosh Nayak,8600,Sunil Chandra
Padma Rajan,2800,Madhuri Patil
Mohan Das,6300,Vijay Thakur
Leela Varghese,9200,Asha Bose
Ganesh Pillai,3600,Santosh Nayak
Shobha Naidu,5100,Padma Rajan
Ramesh Shetty,7600,Mohan Das
Sudha Murthy,1900,Leela Varghese
Prakash Kamath,4300,Ganesh Pillai
Bharati Sinha,8800,Shobha Naidu
Ashok Dubey,2100,Ramesh Shetty
Chitra Menon,6700,Sudha Murthy
Suresh Nair,9500,Prakash Kamath
Savita Kulkarni,3300,Bharati Sinha
Ravi Shankar,5800,Ashok Dubey
Uma Krishnaswamy,7100,Chitra Menon
Neeraj Aggarwal,1600,Suresh Nair
Tanvi Bhosale,4700,Savita Kulkarni
Kunal Mehrotra,8400,Ravi Shankar
Shruti Deshpande,2400,Uma Krishnaswamy
Rahul Gupta,6900,Neeraj Aggarwal
Anita Rao,9700,Tanvi Bhosale
Manoj Soni,3700,Kunal Mehrotra
Pallavi Gupta,5200,Shruti Deshpande
Abhishek Pandey,7900,Rahul Gupta
Seema Kapoor,1300,Anita Rao
Rohan Bhatia,4100,Manoj Soni
Namita Saxena,8200,Pallavi Gupta
Varun Sharma,2700,Abhishek Pandey
Gita Iyer,6400,Seema Kapoor
Prashant Misra,9100,Rohan Bhatia
Aarti Joshi,3500,Namita Saxena
Dinesh Kumar,5700,Varun Sharma
Meenakshi Rao,7200,Gita Iyer
Siddharth Nair,1800,Prashant Misra
Lalita Singh,4600,Aarti Joshi
Arun Pillai,8700,Dinesh Kumar
Kavitha Menon,2500,Meenakshi Rao
Rajiv Verma,6100,Siddharth Nair
Hema Krishnan,9400,Lalita Singh
Sudhir Patel,3200,Arun Pillai
Bharati Desai,5500,Kavitha Menon
Nilesh Shah,7800,Rajiv Verma
Mala Sharma,1100,Hema Krishnan
Rajan Shetty,4900,Sudhir Patel
Sunanda Bhat,8300,Bharati Desai
Tarun Dubey,2900,Nilesh Shah
Jyoti Reddy,6600,Mala Sharma
Vivek Nambiar,9800,Rajan Shetty
Shilpa Tiwari,3800,Sunanda Bhat
Hemant Kamath,5300,Tarun Dubey
Radha Ghosh,7700,Jyoti Reddy
Omkar Kulkarni,1400,Vivek Nambiar
Usha Iyer,4200,Shilpa Tiwari
Deepak Rao,8500,Hemant Kamath
Madhavi Patil,2000,Radha Ghosh
Satish Babu,6800,Omkar Kulkarni
Rashmi Varma,9200,Usha Iyer
Jagdish Naidu,3600,Deepak Rao
Asha Krishnan,5100,Madhavi Patil
Ramakrishna Bose,7400,Satish Babu
Nirmala Sinha,1700,Rashmi Varma
Harsha Hegde,4500,Jagdish Naidu
Premlata Das,8900,Asha Krishnan
Jayesh Bhatt,2300,Ramakrishna Bose
Champa Pillai,6500,Nirmala Sinha
Subhash Nayak,9600,Harsha Hegde
Geeta Varghese,3100,Premlata Das
Balkrishna Sharma,5600,Jayesh Bhatt
Kamalini Reddy,7100,Champa Pillai
Devendra Jain,1200,Subhash Nayak
Sunita Soni,4800,Geeta Varghese
Ramesh Aggarwal,8600,Balkrishna Sharma
Leela Mehta,2600,Kamalini Reddy
Vinod Kapoor,6200,Devendra Jain
Meena Rao,9500,Sunita Soni
Ashwin Joshi,3900,Ramesh Aggarwal
Pushpa Nair,5400,Leela Mehta
Bhaskar Verma,7900,Vinod Kapoor
Lalitha Murthy,1500,Meena Rao
Rajendra Kamat,4300,Ashwin Joshi
Shanta Bhat,8200,Pushpa Nair
Mukesh Tiwari,2700,Bhaskar Verma
Sarla Ghosh,6700,Lalitha Murthy
Jagannath Rao,9300,Rajendra Kamat
Prabha Kulkarni,3500,Shanta Bhat
Dilip Pillai,5800,Mukesh Tiwari
Vasudha Singh,7200,Sarla Ghosh
Keshav Patil,1300,Jagannath Rao
Savita Sharma,4700,Prabha Kulkarni
Nandini Iyer,8400,Dilip Pillai
Trilok Das,2100,Vasudha Singh
Rani Menon,6300,Keshav Patil
Shailesh Babu,9700,Savita Sharma
Mrinalini Nair,3700,Nandini Iyer
Pankaj Dubey,5200,Trilok Das
Indira Reddy,7600,Rani Menon
Vinayak Shetty,1800,Shailesh Babu
Meenal Krishnan,4600,Mrinalini Nair
Gopal Sharma,8800,Pankaj Dubey
Rekha Pillai,2400,Indira Reddy
Surendra Nambiar,6800,Vinayak Shetty
Shubha Varma,9100,Meenal Krishnan
Madhusudhan Kamath,3300,Gopal Sharma
Pratibha Ghosh,5700,Rekha Pillai
Devraj Hegde,7300,Surendra Nambiar
Sushila Sinha,1600,Shubha Varma
Prakash Nayak,4900,Madhusudhan Kamath
Radharani Bhat,8100,Pratibha Ghosh
Mohandas Kapoor,2800,Devraj Hegde
Sumathi Iyer,6500,Sushila Sinha
Arvind Joshi,9400,Prakash Nayak
Usha Varghese,3600,Radharani Bhat
Srihari Das,5100,Mohandas Kapoor
Malati Rao,7800,Sumathi Iyer
Bhupendra Singh,1100,Arvind Joshi
Ratna Patil,4400,Usha Varghese
Chandrashekar Bose,8700,Srihari Das
Vimala Kulkarni,2200,Malati Rao
Jagdishprasad Naidu,6600,Bhupendra Singh
Sunder Pillai,9800,Ratna Patil
Nalini Menon,3400,Chandrashekar Bose
Krishnamurthy Sharma,5900,Vimala Kulkarni
Savitri Reddy,7500,Jagdishprasad Naidu
Vithal Iyer,1900,Sunder Pillai
Lakshman Mehta,4100,Nalini Menon
Gowri Kamath,8300,Krishnamurthy Sharma
Ramji Tiwari,2500,Savitri Reddy
Jaya Ghosh,6100,Vithal Iyer
Narayan Soni,9600,Lakshman Mehta
Kamakshi Bhat,3800,Gowri Kamath
Balkishan Nair,5300,Ramji Tiwari
Sridevi Rao,7700,Jaya Ghosh
Suryaprakash Varma,1400,Narayan Soni
Kausalya Das,4700,Kamakshi Bhat
Bhimrao Hegde,8500,Balkishan Nair
Meenambika Sinha,2900,Sridevi Rao
Shripad Kapoor,6400,Suryaprakash Varma
Akka Krishnan,9200,Kausalya Das
Venkataraman Pillai,3200,Bhimrao Hegde
Sundari Patil,5600,Meenambika Sinha
Amarnath Nayak,7200,Shripad Kapoor
Vijayalakshmi Bose,1700,Akka Krishnan
Neeraj Aggarwal,4500,Venkataraman Pillai
Tanvi Bhosale,8900,Sundari Patil
Kunal Mehrotra,2300,Amarnath Nayak
Shruti Deshpande,6700,Vijayalakshmi Bose
Anita Rao,9500,Neeraj Aggarwal
Manoj Soni,3100,Tanvi Bhosale
Pallavi Gupta,5800,Kunal Mehrotra
Abhishek Pandey,7300,Shruti Deshpande
Seema Kapoor,1200,Anita Rao
Rohan Bhatia,4800,Manoj Soni
Namita Saxena,8600,Pallavi Gupta
Varun Sharma,2600,Abhishek Pandey
Gita Iyer,6200,Seema Kapoor
Prashant Misra,9900,Rohan Bhatia
Aarti Joshi,3400,Namita Saxena
Dinesh Kumar,5100,Varun Sharma
Meenakshi Rao,7600,Gita Iyer
Siddharth Nair,1500,Prashant Misra
Lalita Singh,4200,Aarti Joshi
Arun Pillai,8100,Dinesh Kumar
Kavitha Menon,2800,Meenakshi Rao
Rajiv Verma,6500,Siddharth Nair
Hema Krishnan,9300,Lalita Singh
Sudhir Patel,3700,Arun Pillai
Bharati Desai,5200,Kavitha Menon
Nilesh Shah,7900,Rajiv Verma
Mala Sharma,1600,Hema Krishnan
Rajan Shetty,4400,Sudhir Patel
Sunanda Bhat,8700,Bharati Desai
Tarun Dubey,2000,Nilesh Shah
Jyoti Reddy,6800,Mala Sharma
Vivek Nambiar,9100,Rajan Shetty
Shilpa Tiwari,3500,Sunanda Bhat
Hemant Kamath,5700,Tarun Dubey
Radha Ghosh,7100,Jyoti Reddy
Omkar Kulkarni,1800,Vivek Nambiar
Usha Iyer,4600,Shilpa Tiwari
Deepak Rao,8200,Hemant Kamath
Madhavi Patil,2400,Radha Ghosh
Satish Babu,6100,Omkar Kulkarni
Rashmi Varma,9600,Usha Iyer
Jagdish Naidu,3900,Deepak Rao
Asha Krishnan,5400,Madhavi Patil
Ramakrishna Bose,7800,Satish Babu
Nirmala Sinha,1300,Rashmi Varma
Harsha Hegde,4100,Jagdish Naidu
Premlata Das,8400,Asha Krishnan
Jayesh Bhatt,2700,Ramakrishna Bose
Champa Pillai,6300,Nirmala Sinha
Subhash Nayak,9700,Harsha Hegde
Geeta Varghese,3500,Premlata Das
Balkrishna Sharma,5900,Jayesh Bhatt
Kamalini Reddy,7400,Champa Pillai
Devendra Jain,1600,Subhash Nayak
Sunita Soni,4300,Geeta Varghese
Ramesh Aggarwal,8800,Balkrishna Sharma
Leela Mehta,2100,Kamalini Reddy
Vinod Kapoor,6600,Devendra Jain
Meena Rao,9400,Sunita Soni
Ashwin Joshi,3200,Ramesh Aggarwal
Pushpa Nair,5600,Leela Mehta
Bhaskar Verma,7200,Vinod Kapoor
Lalitha Murthy,1900,Meena Rao
Rajendra Kamat,4700,Ashwin Joshi
Shanta Bhat,8500,Pushpa Nair
Mukesh Tiwari,2500,Bhaskar Verma
Sarla Ghosh,6900,Lalitha Murthy
Jagannath Rao,9200,Rajendra Kamat
Prabha Kulkarni,3300,Shanta Bhat
Dilip Pillai,5700,Mukesh Tiwari
Vasudha Singh,7600,Sarla Ghosh
Keshav Patil,1100,Jagannath Rao
Savita Sharma,4500,Prabha Kulkarni
Nandini Iyer,8900,Dilip Pillai
Trilok Das,2300,Vasudha Singh
Rani Menon,6700,Keshav Patil
Shailesh Babu,9500,Savita Sharma
Mrinalini Nair,3800,Nandini Iyer
Pankaj Dubey,5300,Trilok Das
Indira Reddy,7700,Rani Menon
Vinayak Shetty,1400,Shailesh Babu
Meenal Krishnan,4200,Mrinalini Nair
Gopal Sharma,8600,Pankaj Dubey
Rekha Pillai,2800,Indira Reddy
Surendra Nambiar,6400,Vinayak Shetty
Shubha Varma,9800,Meenal Krishnan
Madhusudhan Kamath,3600,Gopal Sharma
Pratibha Ghosh,5100,Rekha Pillai
Devraj Hegde,7500,Surendra Nambiar
Sushila Sinha,1700,Shubha Varma
Prakash Nayak,4900,Madhusudhan Kamath
Radharani Bhat,8300,Pratibha Ghosh
Mohandas Kapoor,2200,Devraj Hegde
Sumathi Iyer,6800,Sushila Sinha
Arvind Joshi,9600,Prakash Nayak
Usha Varghese,3100,Radharani Bhat
Srihari Das,5800,Mohandas Kapoor
Malati Rao,7300,Sumathi Iyer
Bhupendra Singh,1500,Arvind Joshi
Ratna Patil,4800,Usha Varghese
Chandrashekar Bose,8200,Srihari Das
Vimala Kulkarni,2600,Malati Rao
Jagdishprasad Naidu,6100,Bhupendra Singh
Sunder Pillai,9300,Ratna Patil
Nalini Menon,3900,Chandrashekar Bose
Krishnamurthy Sharma,5400,Vimala Kulkarni
Savitri Reddy,7900,Jagdishprasad Naidu
Vithal Iyer,1200,Sunder Pillai
Lakshman Mehta,4600,Nalini Menon
Gowri Kamath,8700,Krishnamurthy Sharma
Ramji Tiwari,2400,Savitri Reddy
Jaya Ghosh,6500,Vithal Iyer
Narayan Soni,9100,Lakshman Mehta
Kamakshi Bhat,3700,Gowri Kamath
Balkishan Nair,5200,Ramji Tiwari
Sridevi Rao,7600,Jaya Ghosh
Suryaprakash Varma,1800,Narayan Soni
Kausalya Das,4400,Kamakshi Bhat
Bhimrao Hegde,8100,Balkishan Nair
Meenambika Sinha,2700,Sridevi Rao
Shripad Kapoor,6200,Suryaprakash Varma
Akka Krishnan,9700,Kausalya Das
Venkataraman Pillai,3500,Bhimrao Hegde
Sundari Patil,5800,Meenambika Sinha
Amarnath Nayak,7100,Shripad Kapoor
Vijayalakshmi Bose,1300,Akka Krishnan
Priya Mehta,4100,Venkataraman Pillai
Arjun Sharma,8400,Sundari Patil
Kavya Nair,2900,Amarnath Nayak
Rohit Verma,6700,Vijayalakshmi Bose
Sneha Patel,9000,Priya Mehta
Rahul Gupta,3600,Arjun Sharma
Ananya Singh,5300,Kavya Nair
Vikram Joshi,7800,Rohit Verma
Meera Iyer,1600,Sneha Patel
Suresh Kumar,4200,Rahul Gupta
Pooja Reddy,8500,Ananya Singh
Aditya Bhat,2100,Vikram Joshi
Nisha Kapoor,6600,Meera Iyer
Kiran Rao,9800,Suresh Kumar
Deepak Tiwari,3300,Pooja Reddy
Ritu Saxena,5700,Aditya Bhat
Manish Yadav,7200,Nisha Kapoor
Sonia Malhotra,1400,Kiran Rao
Ajay Pandey,4900,Deepak Tiwari
Preeti Chauhan,8800,Ritu Saxena
Vivek Shukla,2500,Manish Yadav
Anjali Doshi,6300,Sonia Malhotra
Rajesh Pillai,9200,Ajay Pandey
Sunita Ghosh,3800,Preeti Chauhan
Amit Jain,5100,Vivek Shukla
Divya Menon,7700,Anjali Doshi
Sanjay Desai,1100,Rajesh Pillai
Usha Bhatt,4700,Sunita Ghosh
Nitin Kulkarni,8300,Amit Jain
Lakshmi Nambiar,2200,Divya Menon
Pradeep Hegde,6800,Sanjay Desai
Geeta Varma,9600,Usha Bhatt
Harish Choudhary,3400,Nitin Kulkarni
Vandana Srivastava,5900,Lakshmi Nambiar
Rajan Mishra,7400,Pradeep Hegde
Swati Tripathi,1700,Geeta Varma
Naresh Babu,4500,Harish Choudhary
Kamala Krishnan,8200,Vandana Srivastava
Dinesh Agarwal,2800,Rajan Mishra
Rekha Banerjee,6500,Swati Tripathi
Sunil Chandra,9400,Naresh Babu
Madhuri Patil,3100,Kamala Krishnan
Vijay Thakur,5600,Dinesh Agarwal
Asha Bose,7900,Rekha Banerjee
Santosh Nayak,1500,Sunil Chandra
Padma Rajan,4300,Madhuri Patil
Mohan Das,8700,Vijay Thakur
Leela Varghese,2000,Asha Bose
Ganesh Pillai,6200,Santosh Nayak
Shobha Naidu,9500,Padma Rajan
Ramesh Shetty,3700,Mohan Das
Sudha Murthy,5200,Leela Varghese
Prakash Kamath,7600,Ganesh Pillai
Bharati Sinha,1900,Shobha Naidu
Ashok Dubey,4100,Ramesh Shetty
Chitra Menon,8600,Sudha Murthy
Suresh Nair,2600,Prakash Kamath
Savita Kulkarni,6100,Bharati Sinha
Ravi Shankar,9300,Ashok Dubey
Uma Krishnaswamy,3900,Chitra Menon
Arjun Sharma,5400,Suresh Nair
Priya Mehta,7800,Savita Kulkarni
Rohit Verma,1200,Ravi Shankar
Kavya Nair,4800,Uma Krishnaswamy
Sneha Patel,8400,Arjun Sharma
Rahul Gupta,2300,Priya Mehta
Ananya Singh,6700,Rohit Verma
Vikram Joshi,9100,Kavya Nair
Meera Iyer,3500,Sneha Patel
Suresh Kumar,5800,Rahul Gupta
Pooja Reddy,7300,Ananya Singh
Aditya Bhat,1600,Vikram Joshi
Nisha Kapoor,4400,Meera Iyer
Kiran Rao,8900,Suresh Kumar
Deepak Tiwari,2100,Pooja Reddy
Ritu Saxena,6500,Aditya Bhat
Manish Yadav,9700,Nisha Kapoor
Sonia Malhotra,3200,Kiran Rao
Ajay Pandey,5700,Deepak Tiwari
Preeti Chauhan,7200,Ritu Saxena
Vivek Shukla,1300,Manish Yadav
Anjali Doshi,4700,Sonia Malhotra
Rajesh Pillai,8200,Ajay Pandey
Sunita Ghosh,2700,Preeti Chauhan
Amit Jain,6400,Vivek Shukla
Divya Menon,9800,Anjali Doshi
Sanjay Desai,3600,Rajesh Pillai
Usha Bhatt,5100,Sunita Ghosh
Nitin Kulkarni,7700,Amit Jain
Lakshmi Nambiar,1800,Divya Menon
Pradeep Hegde,4600,Sanjay Desai
Geeta Varma,8300,Usha Bhatt
Harish Choudhary,2400,Nitin Kulkarni
Vandana Srivastava,6800,Lakshmi Nambiar
Rajan Mishra,9500,Pradeep Hegde
Swati Tripathi,3100,Geeta Varma
Naresh Babu,5600,Harish Choudhary
Kamala Krishnan,7200,Vandana Srivastava
Dinesh Agarwal,1900,Rajan Mishra
Rekha Banerjee,4300,Swati Tripathi
Sunil Chandra,8100,Naresh Babu
Madhuri Patil,2500,Kamala Krishnan
Vijay Thakur,6600,Dinesh Agarwal
Asha Bose,9400,Rekha Banerjee
Santosh Nayak,3800,Sunil Chandra
Padma Rajan,5300,Madhuri Patil
Mohan Das,7700,Vijay Thakur
Leela Varghese,1100,Asha Bose
Ganesh Pillai,4500,Santosh Nayak
Shobha Naidu,8800,Padma Rajan
Ramesh Shetty,2200,Mohan Das
Sudha Murthy,6100,Leela Varghese
Prakash Kamath,9600,Ganesh Pillai
Bharati Sinha,3400,Shobha Naidu
Ashok Dubey,5900,Ramesh Shetty
Chitra Menon,7500,Sudha Murthy
Suresh Nair,1700,Prakash Kamath
Savita Kulkarni,4100,Bharati Sinha
Ravi Shankar,8600,Ashok Dubey
Uma Krishnaswamy,2800,Chitra Menon
Neeraj Aggarwal,6300,Suresh Nair
Tanvi Bhosale,9200,Savita Kulkarni
Kunal Mehrotra,3700,Ravi Shankar
Shruti Deshpande,5200,Uma Krishnaswamy
Anita Rao,7900,Neeraj Aggarwal
Manoj Soni,1400,Tanvi Bhosale
Pallavi Gupta,4200,Kunal Mehrotra
Abhishek Pandey,8500,Shruti Deshpande
Seema Kapoor,2900,Anita Rao
Rohan Bhatia,6700,Manoj Soni
Namita Saxena,9000,Pallavi Gupta
Varun Sharma,3200,Abhishek Pandey
Gita Iyer,5700,Seema Kapoor
Prashant Misra,7100,Rohan Bhatia
Aarti Joshi,1500,Namita Saxena
Dinesh Kumar,4800,Varun Sharma
Meenakshi Rao,8200,Gita Iyer
Siddharth Nair,2600,Prashant Misra
Lalita Singh,6200,Aarti Joshi
Arun Pillai,9500,Dinesh Kumar
Kavitha Menon,3300,Meenakshi Rao
Rajiv Verma,5800,Siddharth Nair
Hema Krishnan,7400,Lalita Singh
Sudhir Patel,1100,Arun Pillai
Bharati Desai,4600,Kavitha Menon
Nilesh Shah,8800,Rajiv Verma
Mala Sharma,2300,Hema Krishnan
Rajan Shetty,6500,Sudhir Patel
Sunanda Bhat,9300,Bharati Desai
Tarun Dubey,3900,Nilesh Shah
Jyoti Reddy,5400,Mala Sharma
Vivek Nambiar,7800,Rajan Shetty
Shilpa Tiwari,1700,Sunanda Bhat
Hemant Kamath,4500,Tarun Dubey
Radha Ghosh,8100,Jyoti Reddy
Omkar Kulkarni,2000,Vivek Nambiar
Usha Iyer,6600,Shilpa Tiwari
Deepak Rao,9700,Hemant Kamath
Madhavi Patil,3500,Radha Ghosh
Satish Babu,5100,Omkar Kulkarni
Rashmi Varma,7600,Usha Iyer
Jagdish Naidu,1800,Deepak Rao
Asha Krishnan,4300,Madhavi Patil
Ramakrishna Bose,8600,Satish Babu
Nirmala Sinha,2100,Rashmi Varma
Harsha Hegde,6800,Jagdish Naidu
Premlata Das,9100,Asha Krishnan
Jayesh Bhatt,3600,Ramakrishna Bose
Champa Pillai,5900,Nirmala Sinha
Subhash Nayak,7300,Harsha Hegde
Geeta Varghese,1200,Premlata Das
Balkrishna Sharma,4700,Jayesh Bhatt
Kamalini Reddy,8400,Champa Pillai
Devendra Jain,2500,Subhash Nayak
Sunita Soni,6900,Geeta Varghese
Ramesh Aggarwal,9200,Balkrishna Sharma
Leela Mehta,3800,Kamalini Reddy
Vinod Kapoor,5300,Devendra Jain
Meena Rao,7700,Sunita Soni
Ashwin Joshi,1300,Ramesh Aggarwal
Pushpa Nair,4100,Leela Mehta
Bhaskar Verma,8500,Vinod Kapoor
Lalitha Murthy,2700,Meena Rao
Rajendra Kamat,6400,Ashwin Joshi
Shanta Bhat,9800,Pushpa Nair
Mukesh Tiwari,3200,Bhaskar Verma
Sarla Ghosh,5600,Lalitha Murthy
Jagannath Rao,7100,Rajendra Kamat
Prabha Kulkarni,1600,Shanta Bhat
Dilip Pillai,4900,Mukesh Tiwari
Vasudha Singh,8300,Sarla Ghosh
Keshav Patil,2400,Jagannath Rao
Savita Sharma,6700,Prabha Kulkarni
Nandini Iyer,9400,Dilip Pillai
Trilok Das,3100,Vasudha Singh
Rani Menon,5800,Keshav Patil
Shailesh Babu,7200,Savita Sharma
Mrinalini Nair,1900,Nandini Iyer
Pankaj Dubey,4400,Trilok Das
Indira Reddy,8700,Rani Menon
Vinayak Shetty,2200,Shailesh Babu
Meenal Krishnan,6100,Mrinalini Nair
Gopal Sharma,9500,Pankaj Dubey
Rekha Pillai,3700,Indira Reddy
Surendra Nambiar,5200,Vinayak Shetty
Shubha Varma,7600,Meenal Krishnan
Madhusudhan Kamath,1400,Gopal Sharma
Pratibha Ghosh,4800,Rekha Pillai
Devraj Hegde,8200,Surendra Nambiar
Sushila Sinha,2900,Shubha Varma
Prakash Nayak,6300,Madhusudhan Kamath
Radharani Bhat,9700,Pratibha Ghosh
Mohandas Kapoor,3500,Devraj Hegde
Sumathi Iyer,5100,Sushila Sinha
Arvind Joshi,7800,Prakash Nayak
Usha Varghese,1600,Radharani Bhat
Srihari Das,4200,Mohandas Kapoor
Malati Rao,8600,Sumathi Iyer
Bhupendra Singh,2300,Arvind Joshi
Ratna Patil,6500,Usha Varghese
Chandrashekar Bose,9000,Srihari Das
Vimala Kulkarni,3800,Malati Rao
Jagdishprasad Naidu,5300,Bhupendra Singh
Sunder Pillai,7700,Ratna Patil
Nalini Menon,1100,Chandrashekar Bose
Krishnamurthy Sharma,4600,Vimala Kulkarni
Savitri Reddy,8100,Jagdishprasad Naidu
Vithal Iyer,2400,Sunder Pillai
Lakshman Mehta,6200,Nalini Menon
Gowri Kamath,9600,Krishnamurthy Sharma
Ramji Tiwari,3900,Savitri Reddy
Jaya Ghosh,5400,Vithal Iyer
Narayan Soni,7900,Lakshman Mehta
Kamakshi Bhat,1700,Gowri Kamath
Balkishan Nair,4500,Ramji Tiwari
Sridevi Rao,8800,Jaya Ghosh
Suryaprakash Varma,2100,Narayan Soni
Kausalya Das,6600,Kamakshi Bhat
Bhimrao Hegde,9300,Balkishan Nair
Meenambika Sinha,3200,Sridevi Rao
Shripad Kapoor,5700,Suryaprakash Varma
Akka Krishnan,7200,Kausalya Das
Venkataraman Pillai,1800,Bhimrao Hegde
Sundari Patil,4600,Meenambika Sinha
Amarnath Nayak,8300,Shripad Kapoor
Vijayalakshmi Bose,2500,Akka Krishnan
Alok Srivastava,6000,Venkataraman Pillai
Bhavna Chaudhuri,9100,Sundari Patil
Chandan Verma,3600,Amarnath Nayak
Deepika Rajan,5800,Vijayalakshmi Bose
Esha Mehrotra,7500,Alok Srivastava
Farhan Shaikh,1200,Bhavna Chaudhuri
Garima Mishra,4300,Chandan Verma
Himanshu Bajpai,8700,Deepika Rajan
Ishita Sahu,2700,Esha Mehrotra
Jagat Singh,6400,Farhan Shaikh
Kaveri Pillai,9500,Garima Mishra
Lalit Arora,3100,Himanshu Bajpai
Madhura Kelkar,5600,Ishita Sahu
Nalin Mathur,7200,Jagat Singh
Ojas Thakkar,1700,Kaveri Pillai
Payal Khatri,4400,Lalit Arora
Qasim Ali,8100,Madhura Kelkar
Ragini Chopra,2800,Nalin Mathur
Sagar Dhawan,6500,Ojas Thakkar
Tanu Mittal,9800,Payal Khatri
Umesh Rastogi,3400,Qasim Ali
Vandita Joshi,5100,Ragini Chopra
Wasim Akhtar,7700,Sagar Dhawan
Yamini Prasad,1300,Tanu Mittal
Zara Siddiqui,4700,Umesh Rastogi
Abhay Mukherjee,8500,Vandita Joshi
Bindu Krishnan,2000,Wasim Akhtar
Chirag Bora,6600,Yamini Prasad
Daksha Menon,9200,Zara Siddiqui
Ekta Jha,3800,Abhay Mukherjee
Fiza Ansari,5300,Bindu Krishnan
Gajanan Deore,7800,Chirag Bora
Hemali Shah,1500,Daksha Menon
Ila Pandya,4100,Ekta Jha
Jatin Bhargava,8400,Fiza Ansari
Khushi Agrawal,2200,Gajanan Deore
Lokesh Dubey,6100,Hemali Shah
Mamta Bhatia,9600,Ila Pandya
Nishant Kulshrestha,3700,Jatin Bhargava
Ojaswi Rao,5200,Khushi Agrawal
Prachi Bajaj,7600,Lokesh Dubey
Rohini Jaiswal,1900,Mamta Bhatia
Sachin Wagle,4600,Nishant Kulshrestha
Tanuja Deshpande,8200,Ojaswi Rao
Ujjwal Sharma,2500,Prachi Bajaj
Vaishali Patkar,6900,Rohini Jaiswal
Waris Khan,9300,Sachin Wagle
Yadav Bhosle,3300,Tanuja Deshpande
Zahira Imam,5800,Ujjwal Sharma
Alok Srivastava,7400,Vaishali Patkar
Bhavna Chaudhuri,1100,Waris Khan
Chandan Verma,4800,Yadav Bhosle
Deepika Rajan,8700,Zahira Imam
Esha Mehrotra,2600,Alok Srivastava
Farhan Shaikh,6200,Bhavna Chaudhuri
Garima Mishra,9400,Chandan Verma
Himanshu Bajpai,3500,Deepika Rajan
Ishita Sahu,5900,Esha Mehrotra
Jagat Singh,7300,Farhan Shaikh
Kaveri Pillai,1600,Garima Mishra
Lalit Arora,4200,Himanshu Bajpai
Madhura Kelkar,8600,Ishita Sahu
Nalin Mathur,2900,Jagat Singh
Ojas Thakkar,6700,Kaveri Pillai
Payal Khatri,9000,Lalit Arora
Qasim Ali,3200,Madhura Kelkar
Ragini Chopra,5700,Nalin Mathur
Sagar Dhawan,7100,Ojas Thakkar
Tanu Mittal,1800,Payal Khatri
Umesh Rastogi,4500,Qasim Ali
Vandita Joshi,8300,Ragini Chopra
Wasim Akhtar,2100,Sagar Dhawan
Yamini Prasad,6800,Tanu Mittal
Zara Siddiqui,9500,Umesh Rastogi
Abhay Mukherjee,3600,Vandita Joshi
Bindu Krishnan,5100,Wasim Akhtar
Chirag Bora,7700,Yamini Prasad
Daksha Menon,1200,Zara Siddiqui
Ekta Jha,4700,Abhay Mukherjee
Fiza Ansari,8200,Bindu Krishnan
Gajanan Deore,2400,Chirag Bora
Hemali Shah,6300,Daksha Menon
Ila Pandya,9700,Ekta Jha
Jatin Bhargava,3900,Fiza Ansari
Khushi Agrawal,5400,Gajanan Deore
Lokesh Dubey,7800,Hemali Shah
Mamta Bhatia,1300,Ila Pandya
Nishant Kulshrestha,4100,Jatin Bhargava
Ojaswi Rao,8500,Khushi Agrawal
Prachi Bajaj,2700,Lokesh Dubey
Rohini Jaiswal,6400,Mamta Bhatia
Sachin Wagle,9100,Nishant Kulshrestha
Tanuja Deshpande,3700,Ojaswi Rao
Ujjwal Sharma,5200,Prachi Bajaj
Vaishali Patkar,7600,Rohini Jaiswal
Waris Khan,1900,Sachin Wagle
Yadav Bhosle,4300,Tanuja Deshpande
Zahira Imam,8800,Ujjwal Sharma
Arjun Sharma,2200,Vaishali Patkar
Priya Mehta,6700,Waris Khan
Rohit Verma,9400,Yadav Bhosle
Kavya Nair,3800,Zahira Imam
Sneha Patel,5300,Arjun Sharma
Rahul Gupta,7900,Priya Mehta
Ananya Singh,1500,Rohit Verma
Vikram Joshi,4600,Kavya Nair
Meera Iyer,8100,Sneha Patel
Suresh Kumar,2800,Rahul Gupta
Pooja Reddy,6500,Ananya Singh
Aditya Bhat,9200,Vikram Joshi
Nisha Kapoor,3100,Meera Iyer
Kiran Rao,5700,Suresh Kumar
Deepak Tiwari,7300,Pooja Reddy
Ritu Saxena,1600,Aditya Bhat
Manish Yadav,4400,Nisha Kapoor
Sonia Malhotra,8700,Kiran Rao
Ajay Pandey,2000,Deepak Tiwari
Preeti Chauhan,6200,Ritu Saxena
Vivek Shukla,9600,Manish Yadav
Anjali Doshi,3500,Sonia Malhotra
Rajesh Pillai,5900,Ajay Pandey
Sunita Ghosh,7400,Preeti Chauhan
Amit Jain,1100,Vivek Shukla
Divya Menon,4800,Anjali Doshi
Sanjay Desai,8300,Rajesh Pillai
Usha Bhatt,2500,Sunita Ghosh
Nitin Kulkarni,6100,Amit Jain
Lakshmi Nambiar,9700,Divya Menon
Pradeep Hegde,3400,Sanjay Desai
Geeta Varma,5800,Usha Bhatt
Harish Choudhary,7200,Nitin Kulkarni
Vandana Srivastava,1900,Lakshmi Nambiar
Rajan Mishra,4300,Pradeep Hegde
Swati Tripathi,8600,Geeta Varma
Naresh Babu,2100,Harish Choudhary
Kamala Krishnan,6800,Vandana Srivastava
Dinesh Agarwal,9000,Rajan Mishra
Rekha Banerjee,3700,Swati Tripathi
Sunil Chandra,5200,Naresh Babu
Madhuri Patil,7800,Kamala Krishnan
Vijay Thakur,1400,Dinesh Agarwal
Asha Bose,4700,Rekha Banerjee
Santosh Nayak,8400,Sunil Chandra
Padma Rajan,2200,Madhuri Patil
Mohan Das,6600,Vijay Thakur
Leela Varghese,9300,Asha Bose
Ganesh Pillai,3900,Santosh Nayak
Shobha Naidu,5500,Padma Rajan
Ramesh Shetty,7100,Mohan Das
Sudha Murthy,1700,Leela Varghese
Prakash Kamath,4500,Ganesh Pillai
Bharati Sinha,8900,Shobha Naidu
Ashok Dubey,2300,Ramesh Shetty
Chitra Menon,6700,Sudha Murthy
Suresh Nair,9500,Prakash Kamath
Savita Kulkarni,3200,Bharati Sinha
Ravi Shankar,5600,Ashok Dubey
Uma Krishnaswamy,7900,Chitra Menon
Neeraj Aggarwal,1200,Suresh Nair
Tanvi Bhosale,4800,Savita Kulkarni
Kunal Mehrotra,8100,Ravi Shankar
Shruti Deshpande,2600,Uma Krishnaswamy
Anita Rao,6300,Neeraj Aggarwal
Manoj Soni,9700,Tanvi Bhosale
Pallavi Gupta,3100,Kunal Mehrotra
Abhishek Pandey,5500,Shruti Deshpande
Seema Kapoor,7800,Anita Rao
Rohan Bhatia,1800,Manoj Soni
Namita Saxena,4200,Pallavi Gupta
Varun Sharma,8500,Abhishek Pandey
Gita Iyer,2900,Seema Kapoor
Prashant Misra,6400,Rohan Bhatia
Aarti Joshi,9800,Namita Saxena
Dinesh Kumar,3700,Varun Sharma
Meenakshi Rao,5100,Gita Iyer
Siddharth Nair,7600,Prashant Misra
Lalita Singh,1300,Aarti Joshi
Arun Pillai,4700,Dinesh Kumar
Kavitha Menon,8200,Meenakshi Rao
Rajiv Verma,2400,Siddharth Nair
Hema Krishnan,6900,Lalita Singh
Sudhir Patel,9100,Arun Pillai
Bharati Desai,3500,Kavitha Menon
Nilesh Shah,5900,Rajiv Verma
Mala Sharma,7300,Hema Krishnan
Rajan Shetty,1600,Sudhir Patel
Sunanda Bhat,4400,Bharati Desai
Tarun Dubey,8800,Nilesh Shah
Jyoti Reddy,2000,Mala Sharma
Vivek Nambiar,6700,Rajan Shetty
Shilpa Tiwari,9200,Sunanda Bhat
Hemant Kamath,3800,Tarun Dubey
Radha Ghosh,5300,Jyoti Reddy
Omkar Kulkarni,7700,Vivek Nambiar
Usha Iyer,1100,Shilpa Tiwari
Deepak Rao,4600,Hemant Kamath
Madhavi Patil,8300,Radha Ghosh
Satish Babu,2700,Omkar Kulkarni
Rashmi Varma,6100,Usha Iyer
Jagdish Naidu,9500,Deepak Rao
Asha Krishnan,3200,Madhavi Patil
Ramakrishna Bose,5700,Satish Babu
Nirmala Sinha,7900,Rashmi Varma
Harsha Hegde,1400,Jagdish Naidu
Premlata Das,4200,Asha Krishnan
Jayesh Bhatt,8600,Ramakrishna Bose
Champa Pillai,2500,Nirmala Sinha
Subhash Nayak,6100,Harsha Hegde
Geeta Varghese,9400,Premlata Das
Balkrishna Sharma,3300,Jayesh Bhatt
Kamalini Reddy,5800,Champa Pillai
Devendra Jain,7200,Subhash Nayak
Sunita Soni,1800,Geeta Varghese
Ramesh Aggarwal,4500,Balkrishna Sharma
Leela Mehta,8700,Kamalini Reddy
Vinod Kapoor,2200,Devendra Jain
Meena Rao,6500,Sunita Soni
Ashwin Joshi,9300,Ramesh Aggarwal
Pushpa Nair,3700,Leela Mehta
Bhaskar Verma,5200,Vinod Kapoor
Lalitha Murthy,7600,Meena Rao
Rajendra Kamat,1100,Ashwin Joshi
Shanta Bhat,4900,Pushpa Nair
Mukesh Tiwari,8200,Bhaskar Verma
Sarla Ghosh,2600,Lalitha Murthy
Jagannath Rao,6200,Rajendra Kamat
Prabha Kulkarni,9600,Shanta Bhat
Dilip Pillai,3800,Mukesh Tiwari
Vasudha Singh,5300,Sarla Ghosh
Keshav Patil,7700,Jagannath Rao
Savita Sharma,1500,Prabha Kulkarni
Nandini Iyer,4100,Dilip Pillai
Trilok Das,8400,Vasudha Singh
Rani Menon,2800,Keshav Patil
Shailesh Babu,6300,Savita Sharma
Mrinalini Nair,9700,Nandini Iyer
Pankaj Dubey,3600,Trilok Das
Indira Reddy,5100,Rani Menon
Vinayak Shetty,7500,Shailesh Babu
Meenal Krishnan,1800,Mrinalini Nair
Gopal Sharma,4400,Pankaj Dubey
Rekha Pillai,8100,Indira Reddy
Surendra Nambiar,2900,Vinayak Shetty
Shubha Varma,6600,Meenal Krishnan
Madhusudhan Kamath,9000,Gopal Sharma
Pratibha Ghosh,3400,Rekha Pillai
Devraj Hegde,5900,Surendra Nambiar
Sushila Sinha,7400,Shubha Varma
Prakash Nayak,1200,Madhusudhan Kamath
Radharani Bhat,4600,Pratibha Ghosh
Mohandas Kapoor,8300,Devraj Hegde
Sumathi Iyer,2100,Sushila Sinha
Arvind Joshi,6800,Prakash Nayak
Usha Varghese,9100,Radharani Bhat
Srihari Das,3700,Mohandas Kapoor
Malati Rao,5200,Sumathi Iyer
Bhupendra Singh,7900,Arvind Joshi
Ratna Patil,1400,Usha Varghese
Chandrashekar Bose,4700,Srihari Das
Vimala Kulkarni,8500,Malati Rao
Jagdishprasad Naidu,2300,Bhupendra Singh
Sunder Pillai,6700,Ratna Patil
Nalini Menon,9200,Chandrashekar Bose
Krishnamurthy Sharma,3800,Vimala Kulkarni
Savitri Reddy,5300,Jagdishprasad Naidu
Vithal Iyer,7700,Sunder Pillai
Lakshman Mehta,1500,Nalini Menon
Gowri Kamath,4200,Krishnamurthy Sharma
Ramji Tiwari,8600,Savitri Reddy
Jaya Ghosh,2800,Vithal Iyer
Narayan Soni,6400,Lakshman Mehta
Kamakshi Bhat,9800,Gowri Kamath
Balkishan Nair,3100,Ramji Tiwari
Sridevi Rao,5600,Jaya Ghosh
Suryaprakash Varma,7200,Narayan Soni
Kausalya Das,1700,Kamakshi Bhat
Bhimrao Hegde,4500,Balkishan Nair
Meenambika Sinha,8800,Sridevi Rao
Shripad Kapoor,2000,Suryaprakash Varma
Akka Krishnan,6600,Kausalya Das
Venkataraman Pillai,9300,Bhimrao Hegde
Sundari Patil,3500,Meenambika Sinha
Amarnath Nayak,5800,Shripad Kapoor
Vijayalakshmi Bose,7100,Akka Krishnan
Alok Srivastava,1900,Venkataraman Pillai
Bhavna Chaudhuri,4300,Sundari Patil
Chandan Verma,8700,Amarnath Nayak
Deepika Rajan,2600,Vijayalakshmi Bose
Esha Mehrotra,6100,Alok Srivastava
Farhan Shaikh,9500,Bhavna Chaudhuri
Garima Mishra,3200,Chandan Verma
Himanshu Bajpai,5700,Deepika Rajan
Ishita Sahu,7400,Esha Mehrotra
Jagat Singh,1100,Farhan Shaikh
Kaveri Pillai,4800,Garima Mishra
Lalit Arora,8200,Himanshu Bajpai
Madhura Kelkar,2400,Ishita Sahu
Nalin Mathur,6900,Jagat Singh
Ojas Thakkar,9600,Kaveri Pillai
Payal Khatri,3300,Lalit Arora
Qasim Ali,5700,Madhura Kelkar
Ragini Chopra,7200,Nalin Mathur
Sagar Dhawan,1600,Ojas Thakkar
Tanu Mittal,4400,Payal Khatri
Umesh Rastogi,8900,Qasim Ali
Vandita Joshi,2100,Ragini Chopra
Wasim Akhtar,6700,Sagar Dhawan
Yamini Prasad,9000,Tanu Mittal
Zara Siddiqui,3600,Umesh Rastogi
Abhay Mukherjee,5100,Vandita Joshi
Bindu Krishnan,7800,Wasim Akhtar
Chirag Bora,1300,Yamini Prasad
Daksha Menon,4600,Zara Siddiqui
Ekta Jha,8400,Abhay Mukherjee
Fiza Ansari,2700,Bindu Krishnan
Gajanan Deore,6200,Chirag Bora
Hemali Shah,9500,Daksha Menon
Ila Pandya,3900,Ekta Jha
Jatin Bhargava,5400,Fiza Ansari
Khushi Agrawal,7700,Gajanan Deore
Lokesh Dubey,1200,Hemali Shah
Mamta Bhatia,4500,Ila Pandya
Nishant Kulshrestha,8800,Jatin Bhargava
Ojaswi Rao,2200,Khushi Agrawal
Prachi Bajaj,6600,Lokesh Dubey
Rohini Jaiswal,9400,Mamta Bhatia
Sachin Wagle,3800,Nishant Kulshrestha
Tanuja Deshpande,5200,Ojaswi Rao
Ujjwal Sharma,7600,Prachi Bajaj
Vaishali Patkar,1800,Rohini Jaiswal
Waris Khan,4200,Sachin Wagle
Yadav Bhosle,8500,Tanuja Deshpande
Zahira Imam,2900,Ujjwal Sharma
Priya Mehta,6300,Vaishali Patkar
Arjun Sharma,9700,Waris Khan
Kavya Nair,3400,Yadav Bhosle
Rohit Verma,5800,Zahira Imam
Sneha Patel,7200,Priya Mehta
Rahul Gupta,1600,Arjun Sharma
Ananya Singh,4300,Kavya Nair
Vikram Joshi,8700,Rohit Verma
Meera Iyer,2400,Sneha Patel
Suresh Kumar,6800,Rahul Gupta
Pooja Reddy,9100,Ananya Singh
Aditya Bhat,3500,Vikram Joshi
Nisha Kapoor,5900,Meera Iyer
Kiran Rao,7500,Suresh Kumar
Deepak Tiwari,1300,Pooja Reddy
Ritu Saxena,4100,Aditya Bhat
Manish Yadav,8400,Nisha Kapoor
Sonia Malhotra,2800,Kiran Rao
Ajay Pandey,6500,Deepak Tiwari
Preeti Chauhan,9200,Ritu Saxena
Vivek Shukla,3100,Manish Yadav
Anjali Doshi,5600,Sonia Malhotra
Rajesh Pillai,7900,Ajay Pandey
Sunita Ghosh,1700,Preeti Chauhan
Amit Jain,4500,Vivek Shukla
Divya Menon,8100,Anjali Doshi
Sanjay Desai,2200,Rajesh Pillai
Usha Bhatt,6700,Sunita Ghosh
Nitin Kulkarni,9300,Amit Jain
Lakshmi Nambiar,3700,Divya Menon
Pradeep Hegde,5200,Sanjay Desai
Geeta Varma,7600,Usha Bhatt
Harish Choudhary,1100,Nitin Kulkarni
Vandana Srivastava,4900,Lakshmi Nambiar
Rajan Mishra,8300,Pradeep Hegde
Swati Tripathi,2500,Geeta Varma
Naresh Babu,6100,Harish Choudhary
Kamala Krishnan,9800,Vandana Srivastava
Dinesh Agarwal,3400,Rajan Mishra
Rekha Banerjee,5800,Swati Tripathi
Sunil Chandra,7300,Naresh Babu
Madhuri Patil,1900,Kamala Krishnan
Vijay Thakur,4600,Dinesh Agarwal
Asha Bose,8200,Rekha Banerjee
Santosh Nayak,2700,Sunil Chandra
Padma Rajan,6400,Madhuri Patil
Mohan Das,9600,Vijay Thakur
Leela Varghese,3200,Asha Bose
Ganesh Pillai,5700,Santosh Nayak
Shobha Naidu,7100,Padma Rajan
Ramesh Shetty,1500,Mohan Das
Sudha Murthy,4200,Leela Varghese
Prakash Kamath,8600,Ganesh Pillai
Bharati Sinha,2100,Shobha Naidu
Ashok Dubey,6600,Ramesh Shetty
Chitra Menon,9400,Sudha Murthy
Suresh Nair,3800,Prakash Kamath
Savita Kulkarni,5300,Bharati Sinha
Ravi Shankar,7700,Ashok Dubey
Uma Krishnaswamy,1400,Chitra Menon
Neeraj Aggarwal,4700,Suresh Nair
Tanvi Bhosale,8500,Savita Kulkarni
Kunal Mehrotra,2000,Ravi Shankar
Shruti Deshpande,6800,Uma Krishnaswamy
Anita Rao,9100,Neeraj Aggarwal
Manoj Soni,3600,Tanvi Bhosale
Pallavi Gupta,5100,Kunal Mehrotra
Abhishek Pandey,7500,Shruti Deshpande
Seema Kapoor,1700,Anita Rao
Rohan Bhatia,4300,Manoj Soni
Namita Saxena,8800,Pallavi Gupta
Varun Sharma,2600,Abhishek Pandey
Gita Iyer,6200,Seema Kapoor
Prashant Misra,9500,Rohan Bhatia
Aarti Joshi,3900,Namita Saxena
Dinesh Kumar,5400,Varun Sharma
Meenakshi Rao,7800,Gita Iyer
Siddharth Nair,1200,Prashant Misra
Lalita Singh,4800,Aarti Joshi
Arun Pillai,8200,Dinesh Kumar
Kavitha Menon,2300,Meenakshi Rao
Rajiv Verma,6700,Siddharth Nair
Hema Krishnan,9000,Lalita Singh
Sudhir Patel,3500,Arun Pillai
Bharati Desai,5900,Kavitha Menon
Nilesh Shah,7400,Rajiv Verma
Mala Sharma,1100,Hema Krishnan
Rajan Shetty,4600,Sudhir Patel
Sunanda Bhat,8900,Bharati Desai
Tarun Dubey,2400,Nilesh Shah
Jyoti Reddy,6100,Mala Sharma
Vivek Nambiar,9700,Rajan Shetty
Shilpa Tiwari,3200,Sunanda Bhat
Hemant Kamath,5600,Tarun Dubey
Radha Ghosh,7200,Jyoti Reddy
Omkar Kulkarni,1800,Vivek Nambiar
Usha Iyer,4500,Shilpa Tiwari
Deepak Rao,8100,Hemant Kamath
Madhavi Patil,2900,Radha Ghosh
Satish Babu,6500,Omkar Kulkarni
Rashmi Varma,9200,Usha Iyer
Jagdish Naidu,3700,Deepak Rao
Asha Krishnan,5100,Madhavi Patil
Ramakrishna Bose,7600,Satish Babu
Nirmala Sinha,1300,Rashmi Varma
Harsha Hegde,4100,Jagdish Naidu
Premlata Das,8400,Asha Krishnan
Jayesh Bhatt,2700,Ramakrishna Bose
Champa Pillai,6300,Nirmala Sinha
Subhash Nayak,9600,Harsha Hegde
Geeta Varghese,3400,Premlata Das
Balkrishna Sharma,5800,Jayesh Bhatt
Kamalini Reddy,7100,Champa Pillai
Devendra Jain,1600,Subhash Nayak
Sunita Soni,4300,Geeta Varghese
Ramesh Aggarwal,8700,Balkrishna Sharma
Leela Mehta,2100,Kamalini Reddy
Vinod Kapoor,6600,Devendra Jain
Meena Rao,9300,Sunita Soni
Ashwin Joshi,3100,Ramesh Aggarwal
Pushpa Nair,5500,Leela Mehta
Bhaskar Verma,7900,Vinod Kapoor
Lalitha Murthy,1800,Meena Rao
Rajendra Kamat,4600,Ashwin Joshi
Shanta Bhat,8300,Pushpa Nair
Mukesh Tiwari,2200,Bhaskar Verma
Sarla Ghosh,6700,Lalitha Murthy
Jagannath Rao,9500,Rajendra Kamat
Prabha Kulkarni,3800,Shanta Bhat
Dilip Pillai,5200,Mukesh Tiwari
Vasudha Singh,7600,Sarla Ghosh
Keshav Patil,1400,Jagannath Rao
Savita Sharma,4900,Prabha Kulkarni
Nandini Iyer,8500,Dilip Pillai
Trilok Das,2600,Vasudha Singh
Rani Menon,6200,Keshav Patil
Shailesh Babu,9800,Savita Sharma
Mrinalini Nair,3500,Nandini Iyer
Pankaj Dubey,5900,Trilok Das
Indira Reddy,7300,Rani Menon
Vinayak Shetty,1100,Shailesh Babu
Meenal Krishnan,4700,Mrinalini Nair
Gopal Sharma,8200,Pankaj Dubey
Rekha Pillai,2500,Indira Reddy
Surendra Nambiar,6900,Vinayak Shetty
Shubha Varma,9100,Meenal Krishnan
Madhusudhan Kamath,3600,Gopal Sharma
Pratibha Ghosh,5100,Rekha Pillai
Devraj Hegde,7500,Surendra Nambiar
Sushila Sinha,1900,Shubha Varma
Prakash Nayak,4200,Madhusudhan Kamath
Radharani Bhat,8600,Pratibha Ghosh
Mohandas Kapoor,2800,Devraj Hegde
Sumathi Iyer,6400,Sushila Sinha
Arvind Joshi,9700,Prakash Nayak
Usha Varghese,3300,Radharani Bhat
Srihari Das,5700,Mohandas Kapoor
Malati Rao,7200,Sumathi Iyer
Bhupendra Singh,1500,Arvind Joshi
Ratna Patil,4800,Usha Varghese
Chandrashekar Bose,8100,Srihari Das
Vimala Kulkarni,2300,Malati Rao
Jagdishprasad Naidu,6700,Bhupendra Singh
Sunder Pillai,9400,Ratna Patil
Nalini Menon,3900,Chandrashekar Bose
Krishnamurthy Sharma,5400,Vimala Kulkarni
Savitri Reddy,7800,Jagdishprasad Naidu
Vithal Iyer,1200,Sunder Pillai
Lakshman Mehta,4600,Nalini Menon
Gowri Kamath,8900,Krishnamurthy Sharma
Ramji Tiwari,2100,Savitri Reddy
Jaya Ghosh,6500,Vithal Iyer
Narayan Soni,9800,Lakshman Mehta
Kamakshi Bhat,3700,Gowri Kamath
Balkishan Nair,5200,Ramji Tiwari
Sridevi Rao,7700,Jaya Ghosh
Suryaprakash Varma,1600,Narayan Soni
Kausalya Das,4400,Kamakshi Bhat
Bhimrao Hegde,8700,Balkishan Nair
Meenambika Sinha,2000,Sridevi Rao
Shripad Kapoor,6300,Suryaprakash Varma
Akka Krishnan,9600,Kausalya Das
Venkataraman Pillai,3100,Bhimrao Hegde
Sundari Patil,5600,Meenambika Sinha
Amarnath Nayak,7100,Shripad Kapoor
Vijayalakshmi Bose,1700,Akka Krishnan
Alok Srivastava,4500,Venkataraman Pillai
Bhavna Chaudhuri,8800,Sundari Patil
Chandan Verma,2400,Amarnath Nayak
Deepika Rajan,6800,Vijayalakshmi Bose
Esha Mehrotra,9100,Alok Srivastava
Farhan Shaikh,3500,Bhavna Chaudhuri
Garima Mishra,5900,Chandan Verma
Himanshu Bajpai,7400,Deepika Rajan
Ishita Sahu,1100,Esha Mehrotra
Jagat Singh,4800,Farhan Shaikh
Kaveri Pillai,8300,Garima Mishra
Lalit Arora,2600,Himanshu Bajpai
Madhura Kelkar,6100,Ishita Sahu
Nalin Mathur,9500,Jagat Singh
Ojas Thakkar,3200,Kaveri Pillai
Payal Khatri,5700,Lalit Arora
Qasim Ali,7200,Madhura Kelkar
Ragini Chopra,1800,Nalin Mathur
Sagar Dhawan,4500,Ojas Thakkar
Tanu Mittal,8900,Payal Khatri
Umesh Rastogi,2200,Qasim Ali
Vandita Joshi,6600,Ragini Chopra
Wasim Akhtar,9300,Sagar Dhawan
Yamini Prasad,3800,Tanu Mittal
Zara Siddiqui,5300,Umesh Rastogi
Abhay Mukherjee,7600,Vandita Joshi
Bindu Krishnan,1300,Wasim Akhtar
Chirag Bora,4700,Yamini Prasad
Daksha Menon,8200,Zara Siddiqui
Ekta Jha,2900,Abhay Mukherjee
Fiza Ansari,6400,Bindu Krishnan
Gajanan Deore,9700,Chirag Bora
Hemali Shah,3400,Daksha Menon
Ila Pandya,5900,Ekta Jha
Jatin Bhargava,7300,Fiza Ansari
Khushi Agrawal,1600,Gajanan Deore
Lokesh Dubey,4200,Hemali Shah
Mamta Bhatia,8500,Ila Pandya
Nishant Kulshrestha,2700,Jatin Bhargava
Ojaswi Rao,6100,Khushi Agrawal
Prachi Bajaj,9400,Lokesh Dubey
Rohini Jaiswal,3800,Mamta Bhatia
Sachin Wagle,5200,Nishant Kulshrestha
Tanuja Deshpande,7700,Ojaswi Rao
Ujjwal Sharma,1400,Prachi Bajaj
Vaishali Patkar,4100,Rohini Jaiswal
Waris Khan,8600,Sachin Wagle
Yadav Bhosle,2100,Tanuja Deshpande
Zahira Imam,6500,Ujjwal Sharma
Arjun Sharma,9200,Vaishali Patkar
Priya Mehta,3600,Waris Khan
Rohit Verma,5100,Yadav Bhosle
Kavya Nair,7500,Zahira Imam
Sneha Patel,1900,Arjun Sharma
Rahul Gupta,4300,Priya Mehta
Ananya Singh,8700,Rohit Verma
Vikram Joshi,2500,Kavya Nair
Meera Iyer,6800,Sneha Patel
Suresh Kumar,9000,Rahul Gupta
Pooja Reddy,3300,Ananya Singh
Aditya Bhat,5800,Vikram Joshi
Nisha Kapoor,7400,Meera Iyer
Kiran Rao,1200,Suresh Kumar
Deepak Tiwari,4600,Pooja Reddy
Ritu Saxena,8100,Aditya Bhat
Manish Yadav,2700,Nisha Kapoor
Sonia Malhotra,6200,Kiran Rao
Ajay Pandey,9500,Deepak Tiwari
Preeti Chauhan,3100,Ritu Saxena
Vivek Shukla,5500,Manish Yadav
Anjali Doshi,7900,Sonia Malhotra
Rajesh Pillai,1700,Ajay Pandey
Sunita Ghosh,4400,Preeti Chauhan
Amit Jain,8800,Vivek Shukla
Divya Menon,2200,Anjali Doshi
Sanjay Desai,6700,Rajesh Pillai
Usha Bhatt,9100,Sunita Ghosh
Nitin Kulkarni,3500,Amit Jain
Lakshmi Nambiar,5900,Divya Menon
Pradeep Hegde,7300,Sanjay Desai
Geeta Varma,1500,Usha Bhatt
Harish Choudhary,4800,Nitin Kulkarni
Vandana Srivastava,8200,Lakshmi Nambiar
Rajan Mishra,2900,Pradeep Hegde
Swati Tripathi,6500,Geeta Varma
Naresh Babu,9800,Harish Choudhary
Kamala Krishnan,3400,Vandana Srivastava
Dinesh Agarwal,5700,Rajan Mishra
Rekha Banerjee,7200,Swati Tripathi
Sunil Chandra,1800,Naresh Babu
Madhuri Patil,4500,Kamala Krishnan
Vijay Thakur,8300,Dinesh Agarwal
Asha Bose,2000,Rekha Banerjee
Santosh Nayak,6600,Sunil Chandra
Padma Rajan,9300,Madhuri Patil
Mohan Das,3700,Vijay Thakur
Leela Varghese,5200,Asha Bose
Ganesh Pillai,7600,Santosh Nayak
Shobha Naidu,1100,Padma Rajan
Ramesh Shetty,4700,Mohan Das
Sudha Murthy,8400,Leela Varghese
Prakash Kamath,2300,Ganesh Pillai
Bharati Sinha,6800,Shobha Naidu
Ashok Dubey,9600,Ramesh Shetty
Chitra Menon,3900,Sudha Murthy
Suresh Nair,5400,Prakash Kamath
Savita Kulkarni,7800,Bharati Sinha
Ravi Shankar,1400,Ashok Dubey
Uma Krishnaswamy,4200,Chitra Menon
Neeraj Aggarwal,8600,Suresh Nair
Tanvi Bhosale,2600,Savita Kulkarni
Kunal Mehrotra,6100,Ravi Shankar
Shruti Deshpande,9400,Uma Krishnaswamy
Anita Rao,3200,Neeraj Aggarwal
Manoj Soni,5700,Tanvi Bhosale
Pallavi Gupta,7100,Kunal Mehrotra
Abhishek Pandey,1800,Shruti Deshpande
Seema Kapoor,4500,Anita Rao
Rohan Bhatia,8900,Manoj Soni
Namita Saxena,2100,Pallavi Gupta
Varun Sharma,6400,Abhishek Pandey
Gita Iyer,9700,Seema Kapoor
Prashant Misra,3800,Rohan Bhatia
Aarti Joshi,5300,Namita Saxena
Dinesh Kumar,7700,Varun Sharma
Meenakshi Rao,1500,Gita Iyer
Siddharth Nair,4100,Prashant Misra
Lalita Singh,8500,Aarti Joshi
Arun Pillai,2700,Dinesh Kumar
Kavitha Menon,6200,Meenakshi Rao
Rajiv Verma,9500,Siddharth Nair
Hema Krishnan,3300,Lalita Singh
Sudhir Patel,5800,Arun Pillai
Bharati Desai,7200,Kavitha Menon
Nilesh Shah,1600,Rajiv Verma
Mala Sharma,4900,Hema Krishnan
Rajan Shetty,8200,Sudhir Patel
Sunanda Bhat,2400,Bharati Desai
Tarun Dubey,6700,Nilesh Shah
Jyoti Reddy,9000,Mala Sharma
Vivek Nambiar,3600,Rajan Shetty
Shilpa Tiwari,5100,Sunanda Bhat
Hemant Kamath,7500,Tarun Dubey
Radha Ghosh,1300,Jyoti Reddy
Omkar Kulkarni,4700,Vivek Nambiar
Usha Iyer,8100,Shilpa Tiwari
Deepak Rao,2800,Hemant Kamath
Madhavi Patil,6300,Radha Ghosh
Satish Babu,9700,Omkar Kulkarni
Rashmi Varma,3100,Usha Iyer
Jagdish Naidu,5600,Deepak Rao
Asha Krishnan,7900,Madhavi Patil
Ramakrishna Bose,1700,Satish Babu
Nirmala Sinha,4300,Rashmi Varma
Harsha Hegde,8700,Jagdish Naidu
Premlata Das,2000,Asha Krishnan
Jayesh Bhatt,6600,Ramakrishna Bose
Champa Pillai,9300,Nirmala Sinha
Subhash Nayak,3700,Harsha Hegde
Geeta Varghese,5200,Premlata Das
Balkrishna Sharma,7600,Jayesh Bhatt
Kamalini Reddy,1100,Champa Pillai
Devendra Jain,4800,Subhash Nayak
Sunita Soni,8400,Geeta Varghese
Ramesh Aggarwal,2500,Balkrishna Sharma
Leela Mehta,6900,Kamalini Reddy
Vinod Kapoor,9200,Devendra Jain
Meena Rao,3500,Sunita Soni
Ashwin Joshi,5900,Ramesh Aggarwal
Pushpa Nair,7400,Leela Mehta
Bhaskar Verma,1200,Vinod Kapoor
Lalitha Murthy,4600,Meena Rao
Rajendra Kamat,8800,Ashwin Joshi
Shanta Bhat,2100,Pushpa Nair
Mukesh Tiwari,6500,Bhaskar Verma
Sarla Ghosh,9800,Lalitha Murthy
Jagannath Rao,3300,Rajendra Kamat
Prabha Kulkarni,5700,Shanta Bhat
Dilip Pillai,7200,Mukesh Tiwari
Vasudha Singh,1800,Sarla Ghosh
Keshav Patil,4400,Jagannath Rao
Savita Sharma,8100,Prabha Kulkarni
Nandini Iyer,2600,Dilip Pillai
Trilok Das,6100,Vasudha Singh
Rani Menon,9500,Keshav Patil
Shailesh Babu,3800,Savita Sharma
Mrinalini Nair,5300,Nandini Iyer
Pankaj Dubey,7700,Trilok Das
Indira Reddy,1400,Rani Menon
Vinayak Shetty,4200,Shailesh Babu
Meenal Krishnan,8500,Mrinalini Nair
Gopal Sharma,2900,Pankaj Dubey
Rekha Pillai,6700,Indira Reddy
Surendra Nambiar,9000,Vinayak Shetty
Shubha Varma,3400,Meenal Krishnan
Madhusudhan Kamath,5800,Gopal Sharma
Pratibha Ghosh,7100,Rekha Pillai
Devraj Hegde,1600,Surendra Nambiar
Sushila Sinha,4900,Shubha Varma
Prakash Nayak,8300,Madhusudhan Kamath
Radharani Bhat,2200,Pratibha Ghosh
Mohandas Kapoor,6600,Devraj Hegde
Sumathi Iyer,9400,Sushila Sinha
Arvind Joshi,3100,Prakash Nayak
Usha Varghese,5500,Radharani Bhat
Srihari Das,7900,Mohandas Kapoor
Malati Rao,1700,Sumathi Iyer
Bhupendra Singh,4500,Arvind Joshi
Ratna Patil,8800,Usha Varghese
Chandrashekar Bose,2300,Srihari Das
Vimala Kulkarni,6700,Malati Rao
Jagdishprasad Naidu,9100,Bhupendra Singh
Sunder Pillai,3500,Ratna Patil
Nalini Menon,5900,Chandrashekar Bose
Krishnamurthy Sharma,7300,Vimala Kulkarni
Savitri Reddy,1100,Jagdishprasad Naidu
Vithal Iyer,4700,Sunder Pillai
Lakshman Mehta,8200,Nalini Menon
Gowri Kamath,2500,Krishnamurthy Sharma
Ramji Tiwari,6000,Savitri Reddy
Jaya Ghosh,9600,Vithal Iyer
Narayan Soni,3200,Lakshman Mehta
Kamakshi Bhat,5700,Gowri Kamath
Balkishan Nair,7100,Ramji Tiwari
Sridevi Rao,1900,Jaya Ghosh
Suryaprakash Varma,4600,Narayan Soni
Kausalya Das,8200,Kamakshi Bhat
Bhimrao Hegde,2400,Balkishan Nair
Meenambika Sinha,6800,Sridevi Rao
Shripad Kapoor,9100,Suryaprakash Varma
Akka Krishnan,3700,Kausalya Das
Venkataraman Pillai,5200,Bhimrao Hegde
Sundari Patil,7600,Meenambika Sinha
Amarnath Nayak,1300,Shripad Kapoor
Vijayalakshmi Bose,4100,Akka Krishnan
Alok Srivastava,8500,Venkataraman Pillai
Bhavna Chaudhuri,2700,Sundari Patil
Chandan Verma,6200,Amarnath Nayak
Deepika Rajan,9500,Vijayalakshmi Bose
Esha Mehrotra,3800,Alok Srivastava
Farhan Shaikh,5300,Bhavna Chaudhuri
Garima Mishra,7700,Chandan Verma
Himanshu Bajpai,1400,Deepika Rajan
Ishita Sahu,4800,Esha Mehrotra
Jagat Singh,8300,Farhan Shaikh
Kaveri Pillai,2100,Garima Mishra
Lalit Arora,6500,Himanshu Bajpai
Madhura Kelkar,9800,Ishita Sahu
Nalin Mathur,3400,Jagat Singh
Ojas Thakkar,5900,Kaveri Pillai
Payal Khatri,7400,Lalit Arora
Qasim Ali,1600,Madhura Kelkar
Ragini Chopra,4200,Nalin Mathur
Sagar Dhawan,8600,Ojas Thakkar
Tanu Mittal,2900,Payal Khatri
Umesh Rastogi,6400,Qasim Ali
Vandita Joshi,9700,Ragini Chopra
Wasim Akhtar,3100,Sagar Dhawan
Yamini Prasad,5500,Tanu Mittal
Zara Siddiqui,7900,Umesh Rastogi
Abhay Mukherjee,1200,Vandita Joshi
Bindu Krishnan,4700,Wasim Akhtar
Chirag Bora,8400,Yamini Prasad
Daksha Menon,2200,Zara Siddiqui
Ekta Jha,6600,Abhay Mukherjee
Fiza Ansari,9300,Bindu Krishnan
Gajanan Deore,3500,Chirag Bora
Hemali Shah,5800,Daksha Menon
Ila Pandya,7200,Ekta Jha
Jatin Bhargava,1800,Fiza Ansari
Khushi Agrawal,4500,Gajanan Deore
Lokesh Dubey,8700,Hemali Shah
Mamta Bhatia,2000,Ila Pandya
Nishant Kulshrestha,6300,Jatin Bhargava
Ojaswi Rao,9600,Khushi Agrawal
Prachi Bajaj,3700,Lokesh Dubey
Rohini Jaiswal,5100,Mamta Bhatia
Sachin Wagle,7500,Nishant Kulshrestha
Tanuja Deshpande,1700,Ojaswi Rao
Ujjwal Sharma,4300,Prachi Bajaj
Vaishali Patkar,8800,Rohini Jaiswal
Waris Khan,2500,Sachin Wagle
Yadav Bhosle,6900,Tanuja Deshpande
Zahira Imam,9200,Ujjwal Sharma
Arjun Sharma,3100,Vaishali Patkar
Priya Mehta,5600,Waris Khan
Rohit Verma,7800,Yadav Bhosle
Kavya Nair,1500,Zahira Imam
Sneha Patel,4200,Arjun Sharma
Rahul Gupta,8600,Priya Mehta
Ananya Singh,2800,Rohit Verma
Vikram Joshi,6400,Kavya Nair
Meera Iyer,9700,Sneha Patel
Suresh Kumar,3300,Rahul Gupta
Pooja Reddy,5800,Ananya Singh
Aditya Bhat,7300,Vikram Joshi
Nisha Kapoor,1600,Meera Iyer
Kiran Rao,4900,Suresh Kumar
Deepak Tiwari,8100,Pooja Reddy
Ritu Saxena,2300,Aditya Bhat
Manish Yadav,6700,Nisha Kapoor
Sonia Malhotra,9000,Kiran Rao
Ajay Pandey,3500,Deepak Tiwari
Preeti Chauhan,5900,Ritu Saxena
Vivek Shukla,7400,Manish Yadav
Anjali Doshi,1100,Sonia Malhotra
Rajesh Pillai,4600,Ajay Pandey
Sunita Ghosh,8300,Preeti Chauhan
Amit Jain,2700,Vivek Shukla
Divya Menon,6200,Anjali Doshi
Sanjay Desai,9500,Rajesh Pillai
Usha Bhatt,3800,Sunita Ghosh
Nitin Kulkarni,5200,Amit Jain
Lakshmi Nambiar,7700,Divya Menon
Pradeep Hegde,1900,Sanjay Desai
Geeta Varma,4300,Usha Bhatt
Harish Choudhary,8700,Nitin Kulkarni
Vandana Srivastava,2100,Lakshmi Nambiar
Rajan Mishra,6500,Pradeep Hegde
Swati Tripathi,9200,Geeta Varma
Naresh Babu,3600,Harish Choudhary
Kamala Krishnan,5100,Vandana Srivastava
Dinesh Agarwal,7500,Rajan Mishra
Rekha Banerjee,1900,Swati Tripathi
Sunil Chandra,4400,Naresh Babu
Madhuri Patil,8600,Kamala Krishnan
Vijay Thakur,2900,Dinesh Agarwal
Asha Bose,6300,Rekha Banerjee
Santosh Nayak,9700,Sunil Chandra
Padma Rajan,3200,Madhuri Patil
Mohan Das,5600,Vijay Thakur
Leela Varghese,7900,Asha Bose
Ganesh Pillai,1800,Santosh Nayak
